SAMPLE,LOCATION,TYPE,LENGTH (cm),WIDTH (cm),THICKNESS (cm),WEIGHT (g),CORTEX,RETOUCH,COLOUR,Source (Sr),Source ((Fe),Early,,,,,,,,,,,,
,,,,,,,,,,,,,,,,,,,,,,,,
HGM 1,HINGAIMOTU,Flake,38.5,41.4,9.1,13,N,N,Green,Mayor Island,Mayor Island,Y,,,,,,,,,,,,
HGM 2,HINGAIMOTU,Flake,36.1,27.8,10.1,9,N,N,Green,Mayor Island,Mayor Island,Y,,,,,,,,,,,,
HGM 3,HINGAIMOTU,Flake,34.5,53.7,6.4,11,N,N,Grey,Hahei/Tairua,Hahei,Y,,,,,,,,,,,,
HGM 4,HINGAIMOTU,Flake,12.2,14.4,2.9,1,N,N,Grey,Hahei,Hahei,Y,,,,,,,,,,,,
HGM 5,HINGAIMOTU,Flake,23.2,28.6,4.3,3,N,N,Green,Mayor Island,Mayor Island,Y,,,,,,,,,,,,
HGM 6,HINGAIMOTU,Flake,20.5,16.5,1.9,1,N,N,Green,Mayor Island,Mayor Island,Y,,,,,,,,,,,,
HGM 7,HINGAIMOTU,Flake,33.8,25.5,8.5,5,N,N,Grey,Hahei,Hahei,Y,,,,,,,,,,,,
HGM 8,HINGAIMOTU,Flake,29,22.7,6.9,4,N,N,Green ,Mayor Island,Mayor Island,Y,,,,,,,,,,,,
HGM 9,HINGAIMOTU,Flake,57.1,34.4,10.8,14,N,N,Grey,Mayor Island,Mayor Island,Y,,,,,,,,,,,,
HGM 10,HINGAIMOTU,Flake,31.7,17.7,10.5,5,N,N,Grey,Hahei,Hahei,Y,,,,,,,,,,,,
HGM 11,HINGAIMOTU,Flake,18.6,23.5,3.1,1,N,N,Grey,Hahei,Hahei,Y,,,,,,,,,,,,
HGM 12,HINGAIMOTU,Flake,27.8,31.2,5.6,3,N,N,Green,Mayor Island,Mayor Island,Y,,,,,,,,,,,,
HGM 13,HINGAIMOTU,Flake,18.1,26.6,5.2,1,N,N,Green,Mayor Island,Mayor Island,Y,,,,,,,,,,,,
HGM 14,HINGAIMOTU,Flake,13.5,20.8,4,1,N,N,Green,Mayor Island,Mayor Island,Y,,,,,,,,,,,,
HGM 15,HINGAIMOTU,Flake,24.2,23.2,5,3,N,N,Green,Mayor Island,Mayor Island,Y,,,,,,,,,,,,
HGM 16,HINGAIMOTU,Flake,28.1,19,7.1,3,N,N,Green,Mayor Island,Mayor Island,Y,,,,,,,,,,,,
HGM 17,HINGAIMOTU,Flake,36.5,35.6,8.6,8,N,N,Green,Hahei,Hahei,Y,,,,,,,,,,,,
HGM 18,HINGAIMOTU,Flake,38.6,40.6,9.8,12,N,N,Green,Hahei,Hahei,Y,,,,,,,,,,,,
HGM 19,HINGAIMOTU,Flake,27.5,20,5.9,3,N,N,Grey,Hahei,Hahei,Y,,,,,,,,,,,,
HGM 20,HINGAIMOTU,Flake,21.3,12.9,2.6,0,N,N,Grey,Mayor Island,Mayor Island,Y,,,,,,,,,,,,
HGM 21,HINGAIMOTU,Flake,30.1,17.1,8.3,4,N,N,Green,Mayor Island,Mayor Island,Y,,,,,,,,,,,,
HGM 22,HINGAIMOTU,Flake,31.5,28.8,8,6,N,N,Green,Mayor Island,Mayor Island,Y,,,,,,,,,,,,
HGM 23,HINGAIMOTU,Core,23.2,18.7,9.1,3,N,N,Green,Mayor Island,Mayor Island,Y,,,,,,,,,,,,
HGM 24,HINGAIMOTU,Flake,44.5,35.2,6.7,6,Y,N,Grey,Hahei,Hahei,Y,,,,,,,,,,,,
HGM 25,HINGAIMOTU,Flake,28.5,39.4,5.9,6,N,N,Grey,Hahei,Hahei,Y,,,,,,,,,,,,
HGM 26,HINGAIMOTU,Flake,54.7,35.6,6.5,13,N,N,Grey,Hahei,Hahei,Y,,,,,,,,,,,,
HGM 27,HINGAIMOTU,Flake,40.2,22.1,8.5,4,N,N,Grey,Hahei,Hahei,Y,,,,,,,,,,,,
HGM 28,HINGAIMOTU,Flake,22.6,19,3,1,N,N,Grey,Hahei,Hahei,Y,,,,,,,,,,,,
HGM 29,HINGAIMOTU,Flake,27.1,22.4,6.4,3,N,N,Grey,Hahei,Hahei,Y,,,,,,,,,,,,
HGM 30,HINGAIMOTU,Flake,42,24,6.8,5,Y,N,Grey,Hahei,Hahei,Y,,,,,,,,,,,,
HGM 31,HINGAIMOTU,Flake,19.8,22.7,4.8,1,N,N,Green,Mayor Island,Mayor Island,Y,,,,,,,,,,,,
HGM 32,HINGAIMOTU,Flake,19.4,21.8,3.9,1,Y,N,Grey,Hahei,Hahei,Y,,,,,,,,,,,,
HGM 33,HINGAIMOTU,Flake,22.1,23.7,5.2,2,N,N,Green,Mayor Island,Mayor Island,Y,,,,,,,,,,,,
HGM 34,HINGAIMOTU,Flake,21.1,36.4,5.6,3,N,N,Green,Mayor Island,Mayor Island,Y,,,,,,,,,,,,
HGM 35,HINGAIMOTU,Flake,23.1,29.2,7.4,4,N,N,Green,Mayor Island,Mayor Island,Y,,,,,,,,,,,,
HGM 36,HINGAIMOTU,Flake,29.1,26.4,6,3,N,N,Grey,Hahei/Tairua,Hahei,Y,,,,,,,,,,,,
HGM 37,HINGAIMOTU,Flake,34.3,31.9,7.5,6,N,Y,Grey,Hahei,Hahei,Y,,,,,,,,,,,,
HGM 38,HINGAIMOTU,Flake,15.8,20.2,4.8,1,Y,N,Grey,Hahei,Hahei,Y,,,,,,,,,,,,
HGM 39,HINGAIMOTU,Flake,26.3,28.2,5.3,4,N,N,Green,Mayor Island,Mayor Island,Y,,,,,,,,,,,,
HGM 40,HINGAIMOTU,Debitage,30.9,15.6,2.3,1,N,N,Grey,Hahei ,Hahei,Y,,,,,,,,,,,,
HGM 41,HINGAIMOTU,Flake,134.7,119,35.4,507,N,Y,Green,Mayor Island,Mayor Island,Y,,,,,,,,,,,,
HGM 42,HINGAIMOTU,Flake,96.3,45.5,20,82,N,Y,Green,Mayor Island,Mayor Island,Y,,,,,,,,,,,,
HGM 43,HINGAIMOTU,Flake,92.3,108.8,25.5,248,N,Y,Green,Mayor Island,Mayor Island,Y,,,,,,,,,,,,
,,,,,,,,,,,,,,,,,,,,,,,,
KPN 1,KAUPOKONUI,Flake,89.1,75.1,17.6,169,N,Y,Grey,Mayor Island,Mayor Island,Y,,,,,,,,,,,,
KPN 2,KAUPOKONUI,Flake,58,48.6,19.8,47,N,Y,Grey,Huruiki,,Y,,,,,,,,,,,,
KPN 3,KAUPOKONUI,Core,93.6,46.5,19.3,78,Y,Y,Grey,Mayor Island,Mayor Island,Y,,,,,,,,,,,,
KPN 4,KAUPOKONUI,Flake,106.2,33.6,10.4,48,Y,Y,Grey,Mayor Island,Mayor Island,Y,,,,,,,,,,,,
KPN 5,KAUPOKONUI,Flake,39.6,86.7,26.1,66,N,Y,Grey,Mayor Island,Mayor Island,Y,,,,,,,,,,,,
KPN 6,KAUPOKONUI,Flake,30.1,27,5.4,3,N,N,Green,Mayor Island,Mayor Island,Y,,,,,,,,,,,,
KPN 7,KAUPOKONUI,Core,31.8,27.1,9.7,7,N,N,Green,Mayor Island,Mayor Island,Y,,,,,,,,,,,,
KPN 8,KAUPOKONUI,Flake,29.1,25.1,5.2,3,N,N,Green,Mayor Island,Mayor Island,Y,,,,,,,,,,,,
KPN 9,KAUPOKONUI,Core,36,24.14,11.6,7,N,N,Green,Mayor Island,Mayor Island,Y,,,,,,,,,,,,
KPN 10,KAUPOKONUI,Flake,38.5,19.8,4.6,4,N,N,Green,Mayor Island,Mayor Island,Y,,,,,,,,,,,,
KPN 11,KAUPOKONUI,Flake,33.5,19.4,5.1,4,N,N,Green,Mayor Island,Mayor Island,Y,,,,,,,,,,,,
KPN 12,KAUPOKONUI,Core,31.7,27.5,6.1,3,N,N,Green,Mayor Island,Mayor Island,Y,,,,,,,,,,,,
KPN 13,KAUPOKONUI,Flake,35.3,31.6,5.3,4,N,N,Green,Mayor Island,Mayor Island,Y,,,,,,,,,,,,
KPN 14,KAUPOKONUI,Core,29.2,21.9,9.5,6,N,Y,Grey,Hahei/Tairua,Hahei,Y,,,,,,,,,,,,
KPN 15,KAUPOKONUI,Debitage,22.3,11.6,3.7,1,N,N,Grey,Hahei/Tairua,Hahei,Y,,,,,,,,,,,,
KPN 16,KAUPOKONUI,Debitage,12.5,19.5,4.5,1,N,N,Grey,Hahei/Tairua,Hahei,Y,,,,,,,,,,,,
KPN 17,KAUPOKONUI,Flake,50.8,72.4,20.5,54,N,Y,Green,Mayor Island,Mayor Island,Y,,,,,,,,,,,,
KPN 18,KAUPOKONUI,Flake,47.8,31.2,8.5,11,N,N,Green,Mayor Island,Mayor Island,Y,,,,,,,,,,,,
KPN 19,KAUPOKONUI,Flake,56.1,39.8,8.6,16,N,N,Green,Mayor Island,Mayor Island,Y,,,,,,,,,,,,
KPN 20,KAUPOKONUI,Core,63.6,45.5,20.75,48,N,N,Green,Mayor Island,Mayor Island,Y,,,,,,,,,,,,
KPN 21,KAUPOKONUI,Core,52.3,43.6,18.5,42,N,N,Green,Mayor Island,Mayor Island,Y,,,,,,,,,,,,
KPN 22,KAUPOKONUI,Flake,55.8,25.2,9,10,N,N,Green,Mayor Island,Mayor Island,Y,,,,,,,,,,,,
KPN 23,KAUPOKONUI,Flake,36.6,29.9,6.8,8,N,Y,Grey,Hahei/Tairua,Hahei,Y,,,,,,,,,,,,
KPN 24,KAUPOKONUI,Flake,43.2,29.8,5.4,6,N,N,Grey,Hahei/Tairua,Hahei,Y,,,,,,,,,,,,
KPN 25,KAUPOKONUI,Flake,43.3,32.2,9.9,10,N,N,Grey,Hahei/Tairua,Hahei,Y,,,,,,,,,,,,
KPN 26,KAUPOKONUI,Debitage,41.3,20.1,5.8,3,N,N,Grey,Hahei/Tairua,Hahei,Y,,,,,,,,,,,,
KPN 27,KAUPOKONUI,Flake,38.8,4.7,8.6,5,N,N,Grey,Hahei/Tairua,Hahei,Y,,,,,,,,,,,,
KPN 28,KAUPOKONUI,Core,42.2,22,9.9,8,N,Y,Grey,Hahei/Tairua,Hahei,Y,,,,,,,,,,,,
KPN 29,KAUPOKONUI,Flake,38,26.5,6.5,5,N,N,Grey,Hahei/Tairua,Hahei,Y,,,,,,,,,,,,
KPN 30,KAUPOKONUI,Flake,43.6,30,8.5,7,N,Y,Grey,Hahei/Tairua,Hahei,Y,,,,,,,,,,,,
KPN 31,KAUPOKONUI,Flake,41.1,31.7,5.5,4,N,Y,Grey,Hahei/Tairua,Hahei,Y,,,,,,,,,,,,
KPN 32,KAUPOKONUI,Flake,38.1,20.4,5.3,3,N,N,Grey,Hahei/Tairua,Hahei,Y,,,,,,,,,,,,
KPN 33,KAUPOKONUI,Flake,35.5,25.3,5.4,3,N,N,Grey,Hahei/Tairua,Hahei,Y,,,,,,,,,,,,
KPN 34,KAUPOKONUI,Core,24.5,25.3,10.7,7,N,N,Grey,Hahei/Tairua,Hahei,Y,,,,,,,,,,,,
KPN 35,KAUPOKONUI,Flake,28.6,24,4.8,2,N,N,Grey,Hahei/Tairua,Hahei,Y,,,,,,,,,,,,
KPN 36,KAUPOKONUI,Flake,27.4,23.7,6.1,3,N,N,Grey,Hahei/Tairua,Hahei,Y,,,,,,,,,,,,
KPN 37,KAUPOKONUI,Flake,27.7,24.6,6.7,5,N,N,Grey,Hahei/Tairua,Hahei,Y,,,,,,,,,,,,
KPN 38,KAUPOKONUI,Flake,21.2,27.3,5.7,2,N,N,Grey,Hahei/Tairua,Hahei,Y,,,,,,,,,,,,
KPN 39,KAUPOKONUI,Flake,23.6,17.4,6.1,3,N,N,Grey,Hahei/Tairua,Hahei,Y,,,,,,,,,,,,
KPN 40,KAUPOKONUI,Flake,35.1,27,4.9,3,N,N,Grey,Hahei/Tairua,Hahei,Y,,,,,,,,,,,,
KPN 41,KAUPOKONUI,Flake,37.8,25.9,4.3,3,N,N,Grey,Hahei/Tairua,Hahei,Y,,,,,,,,,,,,
KPN 42,KAUPOKONUI,Flake,24.6,22.9,3,1,N,N,Grey,Hahei/Tairua,Hahei,Y,,,,,,,,,,,,
KPN 43,KAUPOKONUI,Core,31.8,26.4,7.6,5,N,N,Grey,Hahei/Tairua,Hahei,Y,,,,,,,,,,,,
KPN 44,KAUPOKONUI,Core,48.7,25.3,16.7,11,N,N,Green,Mayor Island,Mayor Island,Y,,,,,,,,,,,,
KPN 45,KAUPOKONUI,Flake,33.4,17.5,6.6,3,N,Y,Green,Mayor Island,Mayor Island,Y,,,,,,,,,,,,
KPN 46,KAUPOKONUI,Debitage,53.5,25.2,9,13,N,N,Green,Mayor Island,Mayor Island,Y,,,,,,,,,,,,
KPN 47,KAUPOKONUI,Core,31.6,24.5,6.3,2,N,N,Green,Mayor Island,Mayor Island,Y,,,,,,,,,,,,
KPN 48,KAUPOKONUI,Flake,30.1,40.7,9.1,12,N,N,Green,Mayor Island,Mayor Island,Y,,,,,,,,,,,,
KPN 49,KAUPOKONUI,Flake,35.9,45.3,4.4,9,N,N,Green,Mayor Island,Mayor Island,Y,,,,,,,,,,,,
KPN 50,KAUPOKONUI,Flake,27.6,45.7,5.5,5,N,N,Green,Mayor Island,Mayor Island,Y,,,,,,,,,,,,
KPN 51,KAUPOKONUI,Flake,34.8,36.1,3.8,6,N,N,Green,Mayor Island,Mayor Island,Y,,,,,,,,,,,,
KPN 52,KAUPOKONUI,Flake,32.5,22.8,3.2,3,N,N,Green,Mayor Island,Mayor Island,Y,,,,,,,,,,,,
KPN 53,KAUPOKONUI,Flake,35.7,15.2,5.7,3,N,N,Green,Mayor Island,Mayor Island,Y,,,,,,,,,,,,
KPN 54,KAUPOKONUI,Flake,29.5,32.2,8.7,7,N,N,Green,Mayor Island,Mayor Island,Y,,,,,,,,,,,,
KPN 55,KAUPOKONUI,Core,41.8,31.4,9.7,11,N,N,Green,Mayor Island,Mayor Island,Y,,,,,,,,,,,,
KPN 56,KAUPOKONUI,Flake,25.2,40.1,5.8,5,N,N,Green,Mayor Island,Mayor Island,Y,,,,,,,,,,,,
KPN 57,KAUPOKONUI,Flake,34.2,24.2,5.6,5,N,N,Green,Mayor Island,Mayor Island,Y,,,,,,,,,,,,
KPN 58,KAUPOKONUI,Core,30.7,18.1,7.5,3,N,N,Green,Mayor Island,Mayor Island,Y,,,,,,,,,,,,
KPN 59,KAUPOKONUI,Debitage,29.6,27.1,9.5,3,N,N,Green,Mayor Island,Mayor Island,Y,,,,,,,,,,,,
KPN 60,KAUPOKONUI,Flake,33.7,28.7,6.8,3,N,N,Green,Hahei/Tairua,Hahei,Y,,,,,,,,,,,,
KPN 62,KAUPOKONUI,Flake,28.8,25.2,2.8,3,N,N,Green,Mayor Island,Mayor Island,Y,,,,,,,,,,,,
KPN 63,KAUPOKONUI,Flake,22.4,30.7,4.7,4,N,N,Green,Mayor Island,Mayor Island,Y,,,,,,,,,,,,
KPN 64,KAUPOKONUI,Flake,28.4,30.6,4,5,N,N,Green,Mayor Island,Mayor Island,Y,,,,,,,,,,,,
KPN 65,KAUPOKONUI,Flake,40.6,26.2,12.8,12,N,N,Grey,Mayor Island,Mayor Island,Y,,,,,,,,,,,,
KPN 66,KAUPOKONUI,Flake,38.4,25.1,5.7,4,N,N,Grey,Hahei/Tairua,Hahei,Y,,,,,,,,,,,,
KPN 67,KAUPOKONUI,Core,28.4,16.4,8.3,5,N,N,Grey,Hahei,Hahei,Y,,,,,,,,,,,,
KPN 68,KAUPOKONUI,Flake,33,29.1,10.8,7,N,N,Grey,Mayor Island,Mayor Island,Y,,,,,,,,,,,,
KPN 69,KAUPOKONUI,Flake,22.1,16.9,5.7,3,N,N,Green,Cooks Bay,Hahei,Y,,,,,,,,,,,,
KPN 70,KAUPOKONUI,Flake,36,33.9,4.9,4,N,N,Green,Hahei/Tairua,Hahei,Y,,,,,,,,,,,,
KPN 71,KAUPOKONUI,Flake,25.5,15.2,5.8,4,N,N,Green,Mayor Island,Mayor Island,Y,,,,,,,,,,,,
KPN 72,KAUPOKONUI,Flake,22.5,27.8,3.9,2,N,N,Grey,Hahei/Tairua,Hahei,Y,,,,,,,,,,,,
KPN 73,KAUPOKONUI,Debitage,41.5,30.9,14.3,13,N,Y,Green,Mayor Island,Mayor Island,Y,,,,,,,,,,,,
KPN 74,KAUPOKONUI,Flake,22.7,47,8.3,5,N,N,Green,Mayor Island,Mayor Island,Y,,,,,,,,,,,,
KPN 75,KAUPOKONUI,Core,59.6,37.6,16.1,24,N,N,Green,Mayor Island,Mayor Island,Y,,,,,,,,,,,,
KPN 76,KAUPOKONUI,Flake,24.2,34.7,5,5,N,N,Green,Mayor Island,Mayor Island,Y,,,,,,,,,,,,
KPN 77,KAUPOKONUI,Flake,44.4,62.3,5.3,15,N,N,Green,Mayor Island,Mayor Island,Y,,,,,,,,,,,,
KPN 78,KAUPOKONUI,Debitage,29.8,15.8,10.4,6,N,N,Green,Waihi (Possibly),Unknown,Y,,,,,,,,,,,,
KPN 79,KAUPOKONUI,Core,61.8,17.9,8.6,13,N,N,Grey,Hahei/Tairua,Hahei,Y,,,,,,,,,,,,
KPN 80,KAUPOKONUI,Flake,34.7,35.7,9.3,9,N,N,Green,Mayor Island,Mayor Island,Y,,,,,,,,,,,,
KPN 81,KAUPOKONUI,Flake,43.9,38.3,11.9,21,N,Y,Green,Mayor Island,Mayor Island,Y,,,,,,,,,,,,
KPN 82,KAUPOKONUI,Core,44.4,22.3,15,13,N,N,Green,Mayor Island,Mayor Island,Y,,,,,,,,,,,,
KPN 83,KAUPOKONUI,Debitage,35.9,22.7,9.5,6,N,N,Green,Mayor Island,Mayor Island,Y,,,,,,,,,,,,
KPN 84,KAUPOKONUI,Flake,35.3,39.1,12.9,12,N,N,Green,Mayor Island,Mayor Island,Y,,,,,,,,,,,,
KPN 85,KAUPOKONUI,Flake,34.2,36.8,5.2,6,N,N,Grey,Hahei/Tairua,Hahei,Y,,,,,,,,,,,,
KPN 86,KAUPOKONUI,Flake,45.3,40.1,9.6,14,N,N,Green,Mayor Island,Mayor Island,Y,,,,,,,,,,,,
KPN 87,KAUPOKONUI,Flake,43.1,35.1,4.9,7,N,N,Green,Mayor Island,Mayor Island,Y,,,,,,,,,,,,
KPN 88,KAUPOKONUI,Flake,27.1,29.1,5.8,5,N,N,Grey,Mayor Island,Mayor Island,Y,,,,,,,,,,,,
KPN 89,KAUPOKONUI,Flake,32.8,34.8,5.1,4,N,N,Green,Hahei/Tairua,Hahei,Y,,,,,,,,,,,,
KPN 90,KAUPOKONUI,Flake,29.7,36,11.2,10,N,N,Green,Mayor Island,Mayor Island,Y,,,,,,,,,,,,
KPN 91,KAUPOKONUI,Flake,30.3,21.7,5.3,4,N,Y,Green,Mayor Island,Mayor Island,Y,,,,,,,,,,,,
KPN 92,KAUPOKONUI,Flake,50.9,23.2,5.3,6,N,N,Green,Mayor Island,Mayor Island,Y,,,,,,,,,,,,
KPN 93,KAUPOKONUI,Flake,15.3,20.4,3,1,N,N,Grey,Hahei/Tairua,Hahei,Y,,,,,,,,,,,,
KPN 94,KAUPOKONUI,Flake,41.9,47.4,13.2,19,N,N,Green,Mayor Island,Mayor Island,Y,,,,,,,,,,,,
KPN 95,KAUPOKONUI,Flake,38.4,43.8,9.3,13,N,N,Green,Mayor Island,Mayor Island,Y,,,,,,,,,,,,
KPN 96,KAUPOKONUI,Flake,37.8,41.9,8.4,9,N,N,Green,Hahei/Tairua,Hahei,Y,,,,,,,,,,,,
KPN 97,KAUPOKONUI,Flake,39.8,25.8,5.7,3,N,N,Grey,Cooks Bay,Hahei,Y,,,,,,,,,,,,
KPN 98,KAUPOKONUI,Flake,24,43.3,9.6,9,N,N,Grey,Mayor Island,Mayor Island,Y,,,,,,,,,,,,
KPN 99,KAUPOKONUI,Core,39.7,40,17.3,24,N,N,Green,Mayor Island,Mayor Island,Y,,,,,,,,,,,,
KPN 100,KAUPOKONUI,Flake,35.5,21.8,5.7,6,N,N,Green,Mayor Island,Mayor Island,Y,,,,,,,,,,,,
KPN 101,KAUPOKONUI,Flake,28.4,41,4.4,4,N,N,Green,Hahei/Tairua,Hahei,Y,,,,,,,,,,,,
KPN 102,KAUPOKONUI,Debitage,35,21,3.5,3,N,N,Green,Mayor Island,Mayor Island,Y,,,,,,,,,,,,
KPN 103,KAUPOKONUI,Flake,22.3,33.7,4.3,3,N,N,Grey,Hahei/Tairua,Hahei,Y,,,,,,,,,,,,
KPN 104,KAUPOKONUI,Flake,26.4,25.3,8.1,5,N,N,Grey,Mayor Island,Mayor Island,Y,,,,,,,,,,,,
KPN 105,KAUPOKONUI,Flake,32.9,53.3,4.8,11,N,N,Green,Mayor Island,Mayor Island,Y,,,,,,,,,,,,
KPN 106,KAUPOKONUI,Flake,30.6,10.7,5.6,1,N,N,Red,Hahei/Tairua,Hahei,Y,,,,,,,,,,,,
KPN 107,KAUPOKONUI,Flake,19.8,13.5,2.7,1,N,N,Red,Hahei/Tairua,Hahei,Y,,,,,,,,,,,,
KPN 108,KAUPOKONUI,Flake,19.3,15.9,4.1,1,N,N,Red,Hahei/Tairua,Hahei,Y,,,,,,,,,,,,
,,,,,,,,,,,,,,,,,,,,,,,,
KP1,KUMARA PATCH,Flake,30.5,35.5,6.7,8,N,N,Grey,Hahei/Tairua,Hahei,Y,,,,,,,,,,,,
KP2,KUMARA PATCH,Flake,34.6,36.1,6.7,4,N,N,Grey,Hahei/Tairua,Hahei,Y,,,,,,,,,,,,
KP3,KUMARA PATCH,Flake,16.5,22.9,2.6,1,N,N,Green,Mayor Island,Mayor Island,Y,,,,,,,,,,,,
KP4,KUMARA PATCH,Flake,19.9,28.6,2.8,1,N,N,Green,Mayor Island,Mayor Island,Y,,,,,,,,,,,,
KP5,KUMARA PATCH,Flake,27.7,25.9,4.3,3,N,N,Grey,Hahei/Tairua,Hahei,Y,,,,,,,,,,,,
KP6,KUMARA PATCH,Flake,32.9,30.8,6.6,4,N,N,Green,Mayor Island,Mayor Island,Y,,,,,,,,,,,,
KP7,KUMARA PATCH,Debitage,27.5,15.6,2.9,1,N,N,Grey,Hahei/Tairua,Hahei,Y,,,,,,,,,,,,
KP8,KUMARA PATCH,Debitage,24.7,31.1,3.1,3,N,N,Green,Mayor Island,Mayor Island,Y,,,,,,,,,,,,
KP9,KUMARA PATCH,Flake,38.5,29.8,3.1,3,N,N,Green,Mayor Island,Mayor Island,Y,,,,,,,,,,,,
KP10,KUMARA PATCH,Flake,31.7,17.8,5.9,3,N,N,Green,Mayor Island,Mayor Island,Y,,,,,,,,,,,,
KP11,KUMARA PATCH,Flake,20.5,16.2,5.4,1,N,N,Grey,Hahei,Hahei,Y,,,,,,,,,,,,
KP12,KUMARA PATCH,Debitage,19.8,15.6,5.8,2,N,N,Green,Mayor Island,Mayor Island,Y,,,,,,,,,,,,
KP13,KUMARA PATCH,Flake,19.7,21.7,6.5,1,N,N,Green,Mayor Island,Mayor Island,Y,,,,,,,,,,,,
KP14,KUMARA PATCH,Flake,24.8,16.8,4.2,1,N,N,Green,Mayor Island,Mayor Island,Y,,,,,,,,,,,,
KP15,KUMARA PATCH,Flake,26,32.4,5.6,3,N,N,Green,Mayor Island,Mayor Island,Y,,,,,,,,,,,,
KP16,KUMARA PATCH,Flake,34.9,26.7,3.4,3,N,N,Green,Mayor Island,Mayor Island,Y,,,,,,,,,,,,
KP17,KUMARA PATCH,Debitage,29.2,19.5,3.2,1,N,N,Grey,Hahei/Tairua,Hahei,Y,,,,,,,,,,,,
KP18,KUMARA PATCH,Flake,24.5,23.8,5.5,2,N,N,Green,Mayor Island,Mayor Island,Y,,,,,,,,,,,,
KP19,KUMARA PATCH,Flake,20.3,14.2,5,1,N,N,Grey,Hahei/Tairua,Hahei,Y,,,,,,,,,,,,
KP20,KUMARA PATCH,Flake,34.7,24.5,3.5,3,N,N,Green,Mayor Island,Mayor Island,Y,,,,,,,,,,,,
KP21,KUMARA PATCH,Debitage,23.9,14.2,2.3,1,N,N,Green,Mayor Island,Mayor Island,Y,,,,,,,,,,,,
KP22,KUMARA PATCH,Flake,18.5,15.6,3.6,2,N,N,Green,Mayor Island,Mayor Island,Y,,,,,,,,,,,,
KP23,KUMARA PATCH,Flake,27.5,23.2,8.1,3,N,N,Green,Mayor Island,Mayor Island,Y,,,,,,,,,,,,
KP24,KUMARA PATCH,Flake,44.1,28.3,5.4,5,N,N,Green,Mayor Island,Mayor Island,Y,,,,,,,,,,,,
KP25,KUMARA PATCH,Debitage,23.7,9,4.9,1,N,N,Green,Mayor Island,Mayor Island,Y,,,,,,,,,,,,
KP26,KUMARA PATCH,Debitage,35.5,21.1,2.5,1,N,N,Green,Mayor Island,Mayor Island,Y,,,,,,,,,,,,
KP27,KUMARA PATCH,Flake,14.7,21.7,2,1,N,N,Green,Mayor Island,Mayor Island,Y,,,,,,,,,,,,
KP28,KUMARA PATCH,Flake,23,35.2,10.8,7,N,N,Grey,Hahei,Hahei,Y,,,,,,,,,,,,
KP29,KUMARA PATCH,Flake,26.5,29.7,4.8,4,N,N,Green,Mayor Island,Mayor Island,Y,,,,,,,,,,,,
KP30,KUMARA PATCH,Debitage,37.5,30,5,5,N,N,Green,Mayor Island,Mayor Island,Y,,,,,,,,,,,,
,,,,,,,,,,,,,,,,,,,,,,,,
OHW 1,OHAWE,Flake,25.8,31.2,7.2,5,N,N,Grey,Hahei/Tairua,Hahei,Y,,,,,,,,,,,,
OHW 2,OHAWE,Core,48.5,27.6,17.8,20,N,N,Green,Mayor Island,Mayor Island,Y,,,,,,,,,,,,
OHW 3,OHAWE,Flake,38,40.7,9.5,12,N,Y,Green,Waihi,Hahei,Y,,,,,,,,,,,,
OHW 4,OHAWE,Flake,19.5,33.5,9.3,5,N,N,Grey,Hahei/Tairua,Hahei,Y,,,,,,,,,,,,
OHW 5,OHAWE,Flake,27.2,38.7,8.3,5,N,N,Grey,Hahei/Tairua,Hahei,Y,,,,,,,,,,,,
OHW 6,OHAWE,Flake,41.4,50.2,11.2,20,N,N,Green,Mayor Island,Mayor Island,Y,,,,,,,,,,,,
OHW 7,OHAWE,Flake,26.7,33.1,8,5,N,N,Green,Mayor Island,Mayor Island,Y,,,,,,,,,,,,
OHW 8,OHAWE,Flake,18.9,23.1,5.8,2,N,N,Grey,Hahei/Tairua,Hahei,Y,,,,,,,,,,,,
OHW 9,OHAWE,Core,33.2,18.3,10,5,N,N,Green,Mayor Island,Mayor Island,Y,,,,,,,,,,,,
OHW 10,OHAWE,Core,29.1,27,13,7,N,N,Green,Mayor Island,Mayor Island,Y,,,,,,,,,,,,
OHW 11,OHAWE,Flake,22.1,23.1,3.9,2,N,N,Green,Mayor Island,Mayor Island,Y,,,,,,,,,,,,
OHW 12,OHAWE,Flake,24.5,23.9,2.6,2,N,Y,Green,Mayor Island,Mayor Island,Y,,,,,,,,,,,,
OHW 13,OHAWE,Debitage,19.9,11.8,4.2,1,N,N,Grey,Hahei/Tairua,Hahei,Y,,,,,,,,,,,,
OHW 14,OHAWE,Flake,21.7,19.7,4.2,1,N,N,Green,Mayor Island,Mayor Island,Y,,,,,,,,,,,,
OHW 15,OHAWE,Flake,40.1,11.1,2.3,1,N,N,Grey,Hahei/Tairua,Hahei,Y,,,,,,,,,,,,
OHW 16,OHAWE,Flake,22.9,18.2,3,1,N,N,Green,Waihi,Hahei,Y,,,,,,,,,,,,
OHW 17,OHAWE,Flake,14.3,18,4.2,1,N,N,Green,Mayor Island,Mayor Island,Y,,,,,,,,,,,,
OHW 18,OHAWE,Core,30.6,20.5,14.3,8,N,N,Grey,Hahei/Tairua,Hahei,Y,,,,,,,,,,,,
OHW 19,OHAWE,Flake,53,30.5,12,10,N,N,Grey,Hahei/Tairua,Hahei,Y,,,,,,,,,,,,
OHW 20,OHAWE,Core,48.2,31.4,22,25,N,N,Green,Mayor Island,Mayor Island,Y,,,,,,,,,,,,
OHW 21,OHAWE,Flake,55.6,36.1,13.4,17,N,N,Green,Mayor Island,Mayor Island,Y,,,,,,,,,,,,
OHW 22,OHAWE,Flake,48.1,27.2,7.7,6,N,N,Grey,Hahei/Tairua,Hahei,Y,,,,,,,,,,,,
OHW 23,OHAWE,Core,43,42.3,12.8,19,N,N,Grey,Hahei/Tairua,Hahei,Y,,,,,,,,,,,,
OHW 24,OHAWE,Flake,56.4,45.6,10.7,22,N,Y,Grey,Hahei/Tairua,Hahei,Y,,,,,,,,,,,,
OHW 25,OHAWE,Flake,34.5,59.1,8.7,16,N,N,Green,Mayor Island,Mayor Island,Y,,,,,,,,,,,,
OHW 27,OHAWE,Flake,31.8,14.6,3.4,2,N,N,Green,Mayor Island,Mayor Island,Y,,,,,,,,,,,,
OHW 28,OHAWE,Debitage,13.9,10.8,3.1,1,N,N,Grey,Hahei/Tairua,Hahei,Y,,,,,,,,,,,,
OHW 29,OHAWE,Debitage,24.8,7.9,7,1,N,N,Green,Mayor Island,Mayor Island,Y,,,,,,,,,,,,
OHW 30,OHAWE,Flake,13.1,18.4,4.8,1,N,N,Grey,Hahei/Tairua,Hahei,Y,,,,,,,,,,,,
OHW 31,OHAWE,Debitage,16.9,14.1,6,1,N,N,Green,Mayor Island,Mayor Island,Y,,,,,,,,,,,,
OHW 32,OHAWE,Flake,20.8,17.4,6.8,2,N,N,Grey,Hahei/Tairua,Hahei,Y,,,,,,,,,,,,
OHW 33,OHAWE,Flake,30.4,10.3,5.7,1,N,N,Green,Mayor Island,Mayor Island,Y,,,,,,,,,,,,
OHW 34,OHAWE,Debitage,22.1,10.1,6.5,1,N,N,Green,Mayor Island,Mayor Island,Y,,,,,,,,,,,,
OHW 35,OHAWE,Core,40,29,11.9,17,Y,N,Grey,Hahei/Tairua,Hahei,Y,,,,,,,,,,,,
OHW 36,OHAWE,Flake,22.4,21.5,8.6,3,N,N,Green,Mayor Island,Mayor Island,Y,,,,,,,,,,,,
OHW 37,OHAWE,Debitage,15,11.2,7.2,1,N,N,Green,Mayor Island,Mayor Island,Y,,,,,,,,,,,,
OHW 38,OHAWE,Debitage,35.3,17.9,6.5,3,N,N,Green,Mayor Island,Mayor Island,Y,,,,,,,,,,,,
OHW 39,OHAWE,Debitage,21.4,16.5,3.4,1,N,N,Green,Mayor Island,Mayor Island,Y,,,,,,,,,,,,
OHW 40,OHAWE,Debitage,11.3,18.2,2.8,1,N,N,Green,Mayor Island,Mayor Island,Y,,,,,,,,,,,,
OHW 41,OHAWE,Flake,55.1,63.7,15.3,47,N,Y,Green,Mayor Island,Mayor Island,Y,,,,,,,,,,,,
OHW 42,OHAWE,Flake,25.6,39.2,4.6,4,N,N,Grey,Hahei/Tairua,Hahei,Y,,,,,,,,,,,,
OHW 43,OHAWE,Flake,14.5,12.6,2,1,N,N,Green,Mayor Island,Mayor Island,Y,,,,,,,,,,,,
OHW 44,OHAWE,Flake,40,71.8,15.7,30,N,Y,Green,Mayor Island,Mayor Island,Y,,,,,,,,,,,,
OHW 45,OHAWE,Debitage,11.4,11.7,4.5,1,N,N,Green,Mayor Island,Mayor Island,Y,,,,,,,,,,,,
OHW 46,OHAWE,Flake,24.3,22.6,2.9,1,N,N,Green,Mayor Island,Mayor Island,Y,,,,,,,,,,,,
OHW 47,OHAWE,Flake,21,36,5.6,4,N,N,Green,Mayor Island,Mayor Island,Y,,,,,,,,,,,,
OHW 48,OHAWE,Flake,15.7,22.3,2.2,1,N,N,Green,Mayor Island,Mayor Island,Y,,,,,,,,,,,,
OHW 49,OHAWE,Core,68,37,18.2,56,Y,Y,Grey,Hahei/Tairua,Hahei,Y,,,,,,,,,,,,
,,,,,,,,,,,,,,,,,,,,,,,,
PKT 1,PUKETAPU PA,Flake,24.4,32.7,5.3,3,N,N,Grey ,Hahei/Tairua,Hahei,N,,,,,,,,,,,,
PKT 2,PUKETAPU PA,Flake,16.1,16.7,1.8,1,N,N,Green,Mayor Island,Mayor Island,N,,,,,,,,,,,,
PKT 3,PUKETAPU PA,Flake,19.1,15.6,3,1,N,N,Green,Mayor Island,Mayor Island,N,,,,,,,,,,,,
PKT 4,PUKETAPU PA,Flake,13.8,12.4,6,1,N,N,Green,Mayor Island,Mayor Island,N,,,,,,,,,,,,
PKT 5,PUKETAPU PA,Debitage,17.2,13.5,4.5,1,N,N,Green,Mayor Island,Mayor Island,N,,,,,,,,,,,,
PKT 6,PUKETAPU PA,Flake,15.4,14.2,2,1,N,N,Green,Mayor Island,Mayor Island,N,,,,,,,,,,,,
PKT 7,PUKETAPU PA,Core,14.5,13.4,7.3,1,N,N,Green,Mayor Island,Mayor Island,N,,,,,,,,,,,,
PKT 8,PUKETAPU PA,Flake,12.5,11.6,3.9,1,N,N,Green,Mayor Island,Mayor Island,N,,,,,,,,,,,,
PKT 9,PUKETAPU PA,Flake,12.1,9.1,3.3,1,N,N,Green,Mayor Island,Mayor Island,N,,,,,,,,,,,,
PKT 10,PUKETAPU PA,Flake,13.6,13.3,3.8,1,N,N,Green,Mayor Island,Mayor Island,N,,,,,,,,,,,,
PKT 11,PUKETAPU PA,Flake,12.6,11.9,2.9,1,N,N,Green,Mayor Island,Mayor Island,N,,,,,,,,,,,,
PKT 12,PUKETAPU PA,Flake,15.2,16.2,3.8,1,N,N,Green,Mayor Island,Mayor Island,N,,,,,,,,,,,,
PKT 13,PUKETAPU PA,Flake,14.8,12.6,2.7,1,N,N,Green,Mayor Island,Mayor Island,N,,,,,,,,,,,,
PKT 14,PUKETAPU PA,Flake,19.9,13.3,4.4,1,N,N,Green,Hahei/Tairua,Unknown,N,,,,,,,,,,,,
PKT 15,PUKETAPU PA,Flake,20.7,11.9,4.9,1,N,N,Green,Mayor Island,Mayor Island,N,,,,,,,,,,,,
PKT 16,PUKETAPU PA,Flake,21.8,19.9,6,1,N,N,Green,Mayor Island,Mayor Island,N,,,,,,,,,,,,
PKT 17,PUKETAPU PA,Debitage,21.9,11,5,1,N,N,Green,Mayor Island,Mayor Island,N,,,,,,,,,,,,
PKT 18,PUKETAPU PA,Flake,19.8,16.9,5.5,1,N,N,Green,Mayor Island,Mayor Island,N,,,,,,,,,,,,
PKT 19,PUKETAPU PA,Flake,24.4,28.4,5,3,N,Y,Grey,Hahei/Tairua,Hahei,N,,,,,,,,,,,,
PKT 20,PUKETAPU PA,Debitage,22.1,12.7,4.6,1,N,N,Green,Mayor Island,Mayor Island,N,,,,,,,,,,,,
PKT 21,PUKETAPU PA,Flake,18.1,14.4,4,1,N,N,Green,Mayor Island,Mayor Island,N,,,,,,,,,,,,
PKT 22,PUKETAPU PA,Flake,10.1,17.5,4.8,1,N,N,Grey,Hahei,Hahei,N,,,,,,,,,,,,
PKT 23,PUKETAPU PA,Flake,11.4,21.4,2.3,1,N,N,Grey,Hahei/Tairua,Hahei,N,,,,,,,,,,,,
PKT 24,PUKETAPU PA,Flake,14.7,18.4,2.1,1,N,N,Green,Mayor Island,Mayor Island,N,,,,,,,,,,,,
PKT 25,PUKETAPU PA,Flake,21.3,18.7,3.8,1,N,N,Green,Mayor Island,Mayor Island,N,,,,,,,,,,,,
,,,,,,,,,,,,,,,,,,,,,,,,
TRT 1,TE RANGATAPU,Flake,32.7,22.9,4.9,4,N,N,Green,Mayor Island,Mayor Island,Y,,,,,,,,,,,,
TRT 2,TE RANGATAPU,Flake,18.8,19.7,6,2,N,N,Green,Mayor Island,Mayor Island,Y,,,,,,,,,,,,
TRT 3,TE RANGATAPU,Core,19.5,16.6,9.7,2,N,N,Green,Mayor Island,Mayor Island,Y,,,,,,,,,,,,
TRT 4,TE RANGATAPU,Flake,17.1,20.4,3.8,1,N,N,Green,Mayor Island,Mayor Island,Y,,,,,,,,,,,,
TRT 5,TE RANGATAPU,Flake,33.2,41,9.8,10,N,N,Green,Mayor Island,Mayor Island,Y,,,,,,,,,,,,
TRT 6,TE RANGATAPU,Flake,30,29.3,3.6,4,N,N,Green,Mayor Island,Mayor Island,Y,,,,,,,,,,,,
TRT 7,TE RANGATAPU,Flake,16.3,25.3,3,1,N,N,Green,Mayor Island,Mayor Island,Y,,,,,,,,,,,,
TRT 8,TE RANGATAPU,Flake,18.5,11.4,2.6,1,N,N,Grey,Hahei/Tairua,Hahei,Y,,,,,,,,,,,,
TRT 9,TE RANGATAPU,Flake,18.1,11.3,4.4,1,N,N,Green,Mayor Island,Mayor Island,Y,,,,,,,,,,,,
TRT 10,TE RANGATAPU,Flake,12,23.1,3,1,N,N,Green,Mayor Island,Mayor Island,Y,,,,,,,,,,,,
TRT 11,TE RANGATAPU,Debitage,23.8,11.3,2.5,1,N,N,Green,Mayor Island,Mayor Island,Y,,,,,,,,,,,,
TRT 12,TE RANGATAPU,Flake,11.7,18.4,3.4,1,N,N,Green,Mayor Island,Mayor Island,Y,,,,,,,,,,,,
,,,,,,,,,,,,,,,,,,,,,,,,
WRA 1,WAREA KAINGA,Flake,48.8,22.5,12.6,10,N,N,Grey,Hahei/Tairua,Hahei,N,,,,,,,,,,,,
WRA 2,WAREA KAINGA,Debitage,25.5,19.4,4.7,3,N,N,Green,Mayor Island,Mayor Island,N,,,,,,,,,,,,
WRA 3,WAREA KAINGA,Flake,30.3,24.2,6,3,N,N,Green,Mayor Island,Mayor Island,N,,,,,,,,,,,,
WRA 4,WAREA KAINGA,Flake,25.1,14.3,2.3,1,N,N,Grey,Hahei/Tairua,Hahei,N,,,,,,,,,,,,
WRA 5,WAREA KAINGA,Flake,9.1,17.9,2.9,1,N,N,Green,Hahei/Tairua,Hahei,N,,,,,,,,,,,,
WRA 6,WAREA KAINGA,Debitage,12.9,8.4,5.6,1,N,N,Green,Hahei ,Hahei,N,,,,,,,,,,,,
